{
  "lang":"it",
  "name":"pipeline",
  "version":"0.0.0",
  "spacy_version":">=3.4.4,<3.5.0",
  "description":"",
  "author":"",
  "email":"",
  "url":"",
  "license":"",
  "spacy_git_version":"77833bfef",
  "vectors":{
    "width":0,
    "vectors":0,
    "keys":0,
    "name":null,
    "mode":"default"
  },
  "labels":{
    "transformer":[

    ],
    "ner":[
      "AGE",
      "DATE",
      "EVENT",
      "FAC",
      "GPE",
      "LOC",
      "NORP",
      "ORG",
      "PER",
      "PRODUCT",
      "WORKS_OF_ART"
    ]
  },
  "pipeline":[
    "transformer",
    "ner"
  ],
  "components":[
    "transformer",
    "ner"
  ],
  "disabled":[

  ],
  "performance":{
    "ents_f":0.7150772055,
    "ents_p":0.7097641929,
    "ents_r":0.7204703603,
    "ents_per_type":{
      "GPE":{
        "p":0.74674615,
        "r":0.8077377754,
        "f":0.7760454311
      },
      "DATE":{
        "p":0.7708191514,
        "r":0.6590997284,
        "f":0.710595126
      },
      "PER":{
        "p":0.7842863784,
        "r":0.8672247925,
        "f":0.8236730139
      },
      "AGE":{
        "p":0.7909090909,
        "r":0.8546168959,
        "f":0.821529745
      },
      "FAC":{
        "p":0.638836773,
        "r":0.5675,
        "f":0.601059135
      },
      "ORG":{
        "p":0.6880733945,
        "r":0.7000903342,
        "f":0.6940298507
      },
      "PRODUCT":{
        "p":0.4786806114,
        "r":0.4371785452,
        "f":0.4569892473
      },
      "EVENT":{
        "p":0.508988764,
        "r":0.526744186,
        "f":0.5177142857
      },
      "LOC":{
        "p":0.608311229,
        "r":0.4989122553,
        "f":0.5482071713
      },
      "WORKS_OF_ART":{
        "p":0.4826650588,
        "r":0.5541709934,
        "f":0.5159523042
      },
      "NORP":{
        "p":0.4253112033,
        "r":0.1835273053,
        "f":0.2564102564
      }
    },
    "transformer_loss":4252.102746712,
    "ner_loss":7974.7280488559
  }
}